key,place_id,country_code,country_name,subregion1_code,subregion1_name,subregion2_name
AD,ChIJlfCemC71pRIRkn_qeNc-yQc,AD,Andorra,,,
AE,ChIJvRKrsd9IXj4RpwoIwFYv0zM,AE,United Arab Emirates,,,
AF,ChIJbQL_-LZu0TgReNqWvg1GtfM,AF,Afghanistan,,,
AI,ChIJ5QHvjnRjDowRgdTghNNqnTs,AI,Anguilla,,,
AL,ChIJLUwnvfM7RRMR7juY1onlfAc,AL,Albania,,,
AM,ChIJx7pz54RWFUARIy2C63p1tNA,AM,Armenia,,,
AN,,AN,Netherlands Antilles,,,
AO,ChIJJ4utyk7yURoRPU5KDZ0oClk,AO,Angola,,,
AQ,,AQ,Antarctica,,,
AR,ChIJZ8b99fXKvJURqA_wKpl3Lz0,AR,Argentina,,,
AS,ChIJyf1IkreEpnER3UuuLZ5z7vM,AS,American Samoa,,,
AT,ChIJfyqdJZsHbUcRr8Hk3XvUEhA,AT,Austria,,,
AU,ChIJ38WHZwf9KysRUhNblaFnglM,AU,Australia,,,
AU,ChIJ38WHZwf9KysRUhNblaFnglM,AU,Australia,,,
AU_ACT,ChIJSxCboN9MFmsRA3huXDhEWOc,AU,Australia,ACT,Australian Capital Territory,
AU_NSW,ChIJDUte93TLDWsRLZ_EIhGvgBc,AU,Australia,NSW,New South Wales,
AU_NT,ChIJDxnz5sJyUSsRdScAAAAAAAA,AU,Australia,NT,Northern Territory,
AU_QLD,ChIJ_dxieiTf1GsRmb4SdiLQ8vU,AU,Australia,QLD,Queensland,
AU_SA,ChIJ88foW55Yp2oR2ND6PZl5fts,AU,Australia,SA,South Australia,
AU_TAS,ChIJz_o0fifteqoRZEBAKd2ljyo,AU,Australia,TAS,Tasmania,
AU_VIC,ChIJT5UYfksx1GoRNJWCvuL8Tlo,AU,Australia,VIC,Victoria,
AU_VIC,ChIJT5UYfksx1GoRNJWCvuL8Tlo,AU,Australia,VIC,Victoria,
AU_WA,ChIJ0YTziS4qOSoRmaMAMt9KDm4,AU,Australia,WA,Western Australia,
AW,ChIJ23da4s84hY4RL4yBiT6KavE,AW,Aruba,,,
AZ,ChIJ3x2iGtl8MEARCM2DPmtSyeY,AZ,Azerbaijan,,,
BA,ChIJ16k3xxWiSxMRDOm3QwPi920,BA,Bosnia and Herzegovina,,,
BB,ChIJoxoyrvvxQ4wRKzb0jLNR7A4,BB,Barbados,,,
BD,ChIJp4vhgO2qrTARa_zhxOAoLQ8,BD,Bangladesh,,,
BE,ChIJl5fz7WR9wUcR8g_mObTy60c,BE,Belgium,,,
BF,ChIJm3Cm1SbKLQ4Rq22DRu0Kkyc,BF,Burkina Faso,,,
BG,ChIJifBbyMH-qEAREEy_aRKgAAA,BG,Bulgaria,,,
BH,ChIJEaJHak5SSD4RRhDa2-JQlC4,BH,Bahrain,,,
BI,ChIJW_FUNtNEwRkRjewxVg5NI7E,BI,Burundi,,,
BJ,ChIJlVZ6BCtUIxAR9S5iy_h3suw,BJ,Benin,,,
BM,ChIJpbBohp4TLYoRvLiZLMf93zw,BM,Bermuda,,,
BN,ChIJ0bm4BEuZGDIR1toJ3YA1_l0,BN,Brunei,,,
BO,ChIJlaK7d4nfXpERv-0VAbvCnhw,BO,Bolivia,,,
BO_B,ChIJzZvTkoHD05MRbFe-FLT_e-w,BO,Bolivia,B,Beni,
BO_C,ChIJDzo8InN045MRZsPyOK8unjw,BO,Bolivia,C,Cochabamba,
BO_H,ChIJKZOyWuaH95MRBpHxk51ehR0,BO,Bolivia,H,Chuquisaca,
BO_L,ChIJlaK7d4nfXpERKLhSnzPJmSQ,BO,Bolivia,L,La Paz,
BO_N,ChIJheWF34ABfpERd-zzIHoGxLo,BO,Bolivia,N,Pando,
BO_O,ChIJeQXFojnBV5ERQ1tJZIM6keM,BO,Bolivia,O,Oruro,
BO_P,ChIJ_ZYkGnRO-ZMRTOfRLsvlcSM,BO,Bolivia,P,Potos√≠,
BO_S,ChIJAbhn4SS4kpMRLO9APzZJY8g,BO,Bolivia,S,Santa Cruz,
BO_T,ChIJf_UWywlIBpQRT9gDwuptTUs,BO,Bolivia,T,Tarija,
BQ,ChIJt7kdj4sYIowRz7WDIdc1beE,BQ,Caribbean Netherlands,,,
BR,ChIJzyjM68dZnAARYz4p8gYVWik,BR,Brazil,,,
BS,ChIJPQ9Isjua1ogR5XnHaoO0PhM,BS,Bahamas,,,
BT,ChIJz5XFc6WSWzcR2rw2KGWsDLs,BT,Bhutan,,,
BV,ChIJFycMPCI_OkYR67za-flwaLc,BV,Bouvet Island,,,
BW,ChIJESJF0SFDpB4Re68Vhyp8ZPE,BW,Botswana,,,
BY,ChIJgUit4oQl2kYREIzsgdGhAAA,BY,Belarus,,,
BZ,ChIJ-foSwT5bXI8RTuMeP02KSvY,BZ,Belize,,,
CA,ChIJ2WrMN9MDDUsRpY9Doiq3aJk,CA,Canada,,,
CA_MB,ChIJE7XnRW_gbVIRaMfBq_JVDxw,CA,Canada,MB,Manitoba,
CA_MB_4601,,CA,Canada,MB,Manitoba,Winnipeg
CC,ChIJwWnofonFDi8Rpp_jEPBC0ds,CC,Cocos Islands,,,
CD,ChIJvUZ1ms_6eRkRQfGTrF4-xgQ,CD,Democratic Republic of the Congo,,,
CF,ChIJt6KGjVPpuBARJIBcWgLGm7g,CF,Central African Republic,,,
CG,ChIJCROj3WOlYBoRj2z8FM96AVU,CG,Republic of the Congo,,,
CH,,CH,Switzerland,,,
CI,ChIJZ6BJsIcTlg8RQO65fGIe-QE,CI,Ivory Coast,,,
CK,ChIJ3d57ue-KVHER2LQIiA6lTAI,CK,Cook Islands,,,
CL,ChIJL68lBEHFYpYRHbkCERPhBQU,CL,Chile,,,
CM,ChIJIQ8-cFM3YRARU5uCmUXEAys,CM,Cameroon,,,
CN,ChIJwULG5WSOUDERbzafNHyqHZU,CN,China,,,
CO,ChIJo5QVrjqkFY4RQKPy7wSaDZo,CO,Colombia,,,
CR,ChIJJcmsIWLlko8RK5qBNSX3VGI,CR,Costa Rica,,,
CR_A,ChIJpSS3LpYFoI8R5BKsAon5sWo,CR,Costa Rica,A,Alajuela Province,
CR_C,ChIJDXVNCJvWoI8RkBmaG8EaWxE,CR,Costa Rica,C,Provincia de Cartago,
CR_G,ChIJ5Qgciip9dY8RRfkqAYIQCOE,CR,Costa Rica,G,Guanacaste Province,
CR_H,ChIJj8D_gfSXoI8RlGLqtuASE4Q,CR,Costa Rica,H,Heredia Province,
CR_L,ChIJacc9YAgYp48R3i3ZZ490WFo,CR,Costa Rica,L,Lim√≥n Province,
CR_P,ChIJ1xELzDOEn48Rx0vtxOBPLL4,CR,Costa Rica,P,Puntarenas Province,
CR_SJ,ChIJxRUNxULjoI8RNuhDZCmsjv8,CR,Costa Rica,SJ,San Jos√© Province,
CU,ChIJtUx6DwdJzYgRGqQQkVL3jHk,CU,Cuba,,,
CU_01,ChIJ-XEkrXKsNI8RUkCsAMZVetg,CU,Cuba,1,Pinar del R√≠o Province,
CU_02,,CU,Cuba,2,Havana Province,
CU_03,ChIJbQS2MpOc0ogRMJFrpYnL3IY,CU,Cuba,3,Havana Province,
CU_04,ChIJPV1I_i380ogRJwx4NSzFsC0,CU,Cuba,4,Matanzas Province,
CU_05,ChIJifjfUccd1YgR944ryeeultc,CU,Cuba,5,Villa Clara Province,
CU_06,ChIJRycjivc3K48RG6iHSCJkrQc,CU,Cuba,6,Cienfuegos Province,
CU_07,ChIJzya4GI-lKo8RrXjXQEJT_MA,CU,Cuba,7,Sancti Sp√≠ritus Province,
CU_08,ChIJI-CEEjTQKokRM3YE6P274Fs,CU,Cuba,8,Ciego de √Åvila Province,
CU_09,ChIJJRbb1l1d044RisP8LfHZl_A,CU,Cuba,9,Camag√ºey Province,
CU_10,ChIJw2n8-Zw40o4ReVP3qBbkmi8,CU,Cuba,10,Las Tunas Province,
CU_11,ChIJf9aKbKq0zY4RQL6PE95lvaI,CU,Cuba,11,Holgu√≠n Province,
CU_12,ChIJESEgfP_v0Y4RtFu5aKPaDvI,CU,Cuba,12,Granma Province,
CU_13,ChIJKV844ZNlzo4RRbF82DL3jBw,CU,Cuba,13,Santiago de Cuba Province,
CU_14,ChIJ1bUQjma3zo4RooktucwZ0RY,CU,Cuba,14,Guant√°namo Province,
CU_15,ChIJ2WWacm0gzYgRj6Tp1IvmoNk,CU,Cuba,15,Artemisa Province,
CU_16,ChIJCXq2s9mW0ogRhOifoEZHaZg,CU,Cuba,16,Mayabeque Province,
CU_99,ChIJn-41CEr7Mo8RI112X05eUH0,CU,Cuba,99,Isla de la Juventud,
CV,ChIJMVERWSGPNQkRH-oY-TbyGms,CV,Cape Verde,,,
CW,ChIJx_3HYr6dhI4RI0fG2yiSf_w,CW,Cura√ßao,,,
CX,ChIJz6fA4yea9S4RFup1BAnW5xU,CX,Christmas Island,,,
CY,ChIJVU1JymcX3hQRbhTEf4A8TDI,CY,Cyprus,,,
CZ,ChIJQ4Ld14-UC0cRb1jb03UcZvg,CZ,Czech Republic,,,
CZ_10,ChIJi3lwCZyTC0cRkEAWZg-vAAQ,CZ,Czech Republic,10,Prague,
CZ_10_100,,CZ,Czech Republic,10,Prague,Prague
CZ_20,,CZ,Czech Republic,20,Central Bohemian Region,
DE,ChIJa76xwh5ymkcRW-WRjmtd6HU,DE,Germany,,,
DE_BB,ChIJmzZ86O1PqEcRjN9SNJwmIoE,DE,Germany,BB,Brandenburg,
DE_TH_16077,ChIJpZOeXQ_cpkcRIk-x09yLnl4,DE,Germany,TH,Thuringia,Altenburger Land
DJ,ChIJAfb5NGfUIhYRiFsP76e7chQ,DJ,Djibouti,,,
DK,ChIJ-1-U7rYnS0YRzZLgw9BDh1I,DK,Denmark,,,
DM,ChIJFVoV8vrSFIwRPP06BQmRs0k,DM,Dominica,,,
DO,ChIJ9bbx3jiIr44R4PcNBiQPAqY,DO,Dominican Republic,,,
DZ,ChIJ0XsDKGqKfg0RovjXq-O-QHE,DZ,Algeria,,,
EC,ChIJ1UuaqN2HI5ARAjecEQSvdp0,EC,Ecuador,,,
EC_Y,ChIJud1v08df0JER64TOuLoguIM,EC,Ecuador,Y,Pastaza Province,
EC_Z,ChIJ5S8hdF8Zy5ER3LW-0fhJpuc,EC,Ecuador,Z,Zamora-Chinchipe Province,
EE,ChIJ_UuggpyUkkYRwyW0T7qf6kA,EE,Estonia,,,
EE_37,ChIJkawxZkDqkkYRIGD8GG2zAAM,EE,Estonia,37,Harju,
EE_39,ChIJD9B0TEHp8kYRMGD8GG2zAAM,EE,Estonia,39,Hiiu,
EE_45,ChIJe13Sj0NglEYRQGD8GG2zAAM,EE,Estonia,45,Ida-Viru,
EE_50,ChIJQZDt9tyulEYRUGD8GG2zAAM,EE,Estonia,50,J√µgeva,
EE_52,ChIJYYCdyCg4k0YRYGD8GG2zAAM,EE,Estonia,52,J√§rva,
EE_56,ChIJkYf9Ff9Y7UYRcGD8GG2zAAM,EE,Estonia,56,L√§√§ne,
EE_60,ChIJ0zwY69Z1k0YRgGD8GG2zAAM,EE,Estonia,60,L√§√§ne-Viru,
EE_64,ChIJi8ZnKZjd6kYRkGD8GG2zAAM,EE,Estonia,64,P√µlva,
EE_68,ChIJpYnrfIb-7EYRoGD8GG2zAAM,EE,Estonia,68,P√§rnu,
EE_71,ChIJGVNYfDct7UYRsGD8GG2zAAM,EE,Estonia,71,Rapla,
EE_74,ChIJ8ydWE-5y8kYRwGD8GG2zAAM,EE,Estonia,74,Saare,
EE_79,ChIJBWDePa0260YR0GD8GG2zAAM,EE,Estonia,79,Tartu,
EE_81,ChIJ86SszJwK60YR4GD8GG2zAAM,EE,Estonia,81,Valga,
EE_84,ChIJHeNB2iOZ7EYR8GD8GG2zAAM,EE,Estonia,84,Viljandi,
EE_87,ChIJXTMR3X736kYRAGH8GG2zAAM,EE,Estonia,87,V√µru,
EG,ChIJ6TZcw3aJNhQRRMTEJQmgRSw,EG,Egypt,,,
EH,ChIJUyEwIyVIIgwRWtffcxj4prc,EH,Western Sahara,,,
ER,ChIJZYW6nT9abRYR-g4SL_AIwhc,ER,Eritrea,,,
ES,ChIJi7xhMnjjQgwR7KNoB5Qs7KY,ES,Spain,,,
ES_AN,ChIJRcWdz7HZEQ0RD_Pxd01lycE,ES,Spain,AN,Andaluc√≠a,
ES_AR,ChIJ-W5lP-4UWQ0RWP14-ZVCICA,ES,Spain,AR,Arag√≥n,
ES_AS,ChIJnbCeYPqMNg0ROp7GfSvztfg,ES,Spain,AS,Asturias,
ES_CB,ChIJy78OCdsgSQ0R0MjJc4L1BAE,ES,Spain,CB,Cantabria,
ES_CE,ChIJ76wp6eejDA0RQMahjP1jBAQ,ES,Spain,CE,Ceuta,
ES_CL,ChIJ95OAA5CaNw0RpVYFgwZ7npY,ES,Spain,CL,Castilla y Le√≥n,
ES_CM,ChIJK6f5rcBfZg0R0rZyF5O64Ts,ES,Spain,CM,Castilla-La Mancha,
ET,ChIJK_1s3c7QNRYRWsVIU3-m9ns,ET,Ethiopia,,,
FI,ChIJ3fYyS9_KgUYREKh1PNZGAQA,FI,Finland,,,
FJ,ChIJXdw8cP2QGW4Rk1vvRpkxnJ4,FJ,Fiji,,,
FK,ChIJo-ORRLmJKrwROsXZjf-qKjI,FK,Falkland Islands,,,
FM,,FM,Micronesia,,,
FO,ChIJ6_ktdpMVvEgRJBv3ZEgxsD8,FO,Faroe Islands,,,
FR,ChIJMVd4MymgVA0R99lHx5Y__Ws,FR,France,,,
FR_ARA,ChIJ_fju9ukE9UcROuOAIn5wRjk,FR,France,ARA,Auvergne-Rh√¥ne-Alpes,
FR_ARA_01,ChIJ6WS-4x1Yi0cRgCW55CqrCAM,FR,France,ARA,Auvergne-Rh√¥ne-Alpes,Ain
FR_ARA_03,ChIJLwz0cLrb8EcRoCXjy688CQM,FR,France,ARA,Auvergne-Rh√¥ne-Alpes,Allier
FR_ARA_07,ChIJVc2eRUbWtBIR4CXjy688CQM,FR,France,ARA,Auvergne-Rh√¥ne-Alpes,Ard√®che
FR_ARA_15,ChIJ1V2sN7Dm90cRYCbjy688CQM,FR,France,ARA,Auvergne-Rh√¥ne-Alpes,Cantal
FR_ARA_26,ChIJXUlPlKe6yhIRACe55CqrCAM,FR,France,ARA,Auvergne-Rh√¥ne-Alpes,Dr√¥me
FR_ARA_38,ChIJh1d4BM_oikcR4Ce55CqrCAM,FR,France,ARA,Auvergne-Rh√¥ne-Alpes,Is√®re
FR_ARA_42,ChIJi1XRwdNA9EcRICjjy688CQM,FR,France,ARA,Auvergne-Rh√¥ne-Alpes,Loire
FR_ARA_43,ChIJZ2H42zT99UcRMCjjy688CQM,FR,France,ARA,Auvergne-Rh√¥ne-Alpes,Haute-Loire
FR_ARA_63,ChIJXxh40_cd90cRcCnjy688CQM,FR,France,ARA,Auvergne-Rh√¥ne-Alpes,Puy-de-D√¥me
FR_ARA_69,ChIJcf_obOGN9EcR0Cm55CqrCAM,FR,France,ARA,Auvergne-Rh√¥ne-Alpes,Rh√¥ne
FR_ARA_73,ChIJ01Qj_B7Si0cRECq55CqrCAM,FR,France,ARA,Auvergne-Rh√¥ne-Alpes,Savoie
FR_ARA_74,ChIJfRdqefQJjEcRICq55CqrCAM,FR,France,ARA,Auvergne-Rh√¥ne-Alpes,Haute-Savoie
FR_BFC,ChIJQ9gRSYyc8kcRhsLspcJ3AVw,FR,France,BFC,Bourgogne-Franche-Comt√©,
FR_BFC_21,ChIJiUlrPWKC7UcRsCYNszTOCQM,FR,France,BFC,Bourgogne-Franche-Comt√©,C√¥te-d‚ÄôOr
FR_BFC_25,ChIJIzJvR4OQjUcR8CYNszTOCQM,FR,France,BFC,Bourgogne-Franche-Comt√©,Doubs
FR_BFC_39,ChIJQxu3PkkijUcR8CcNszTOCQM,FR,France,BFC,Bourgogne-Franche-Comt√©,Jura
FR_BFC_58,ChIJK1LHPbXH8UcRICkNszTOCQM,FR,France,BFC,Bourgogne-Franche-Comt√©,Ni√®vre
FR_BFC_70,ChIJfWdzkgjtkkcR4CkNszTOCQM,FR,France,BFC,Bourgogne-Franche-Comt√©,Haute-Sa√¥ne
FR_BFC_71,ChIJU1QBWoCu80cR8CkNszTOCQM,FR,France,BFC,Bourgogne-Franche-Comt√©,Sa√¥ne-et-Loire
FR_BFC_89,ChIJ3zf38u9P7kcRECsNszTOCQM,FR,France,BFC,Bourgogne-Franche-Comt√©,Yonne
FR_BFC_90,ChIJme6LHo0jkkcRICsNszTOCQM,FR,France,BFC,Bourgogne-Franche-Comt√©,Territoire de Belfort
FR_BL,ChIJnej-KlR1DowR5nUq6msRdAE,FR,France,BL,Saint Barth√©lemy,
FR_BRE,,FR,France,BRE,Brittany,
FR_PM,ChIJ0VcO-0tLbEsREVxs6jdncZw,FR,France,PM,Saint Pierre and Miquelon,
GA,ChIJ7fM4VIo7fxARFWt4Ng7DDHs,GA,Gabon,,,
GB,ChIJqZHHQhE7WgIReiWIMkOg-MQ,GB,United Kingdom,,,
GB_ENG,ChIJ39UebIqp0EcRqI4tMyWV4fQ,GB,United Kingdom,ENG,England,
GB_SCT,ChIJn6HyA8TiYUgRFAfDCdj6wec,GB,United Kingdom,SCT,Scotland,
GB_UKC,ChIJ3Q2olMBwfkgRnE54BhKtjYY,GB,United Kingdom,UKC,North East England,
GB_UKD,ChIJ6YIl75U1e0gRyLvMdM0QjM4,GB,United Kingdom,UKD,North West England,
GB_UKE,ChIJfXeLR1jLfkgRBCxQ3l7I0IY,GB,United Kingdom,UKE,"Yorkshire and the Humber, England",
GB_UKF,ChIJd53T1HraeUgRyyrRdQNJLas,GB,United Kingdom,UKF,"East Midlands, England",
GB_UKG,,GB,United Kingdom,UKG,"West Midlands, England",
GB_UKH,ChIJK1V-HbkS2EcRS_3nDxZUG-c,GB,United Kingdom,UKH,East of England,
GB_UKI,ChIJb-IaoQug2EcRi-m4hONz8S8,GB,United Kingdom,UKI,London Region,
GB_UKJ,,GB,United Kingdom,UKJ,South East England,
GB_UKK,ChIJC_d1ROPGakgRpqpEQmUBQ_U,GB,United Kingdom,UKK,South West England,
GB_WLS,ChIJ7Q8cbLY0ZEgRouilirxxux4,GB,United Kingdom,WLS,Wales,
GD,ChIJ0XuH9IkXOIwRjk8fWgHH2DY,GD,Grenada,,,
GE,,GE,Georgia,,,
GF,ChIJU9f3hVcVEo0RRvQKD-n3J94,GF,French Guiana,,,
GG,ChIJ33aRLjJyDUgRy2rAnmNjANE,GG,Guernsey,,,
GH,ChIJx9baqM1a1w8RNtKT0DDy11Q,GH,Ghana,,,
GI,ChIJNb4UJ3a_DA0RD4cANiYlTjg,GI,Gibraltar,,,
GL,ChIJFXfA47sNok4RGOIUAYOdzzQ,GL,Greenland,,,
GM,ChIJBzivZSmcwg4RKp0Ta0BMSp4,GM,Gambia,,,
GN,ChIJP5XOvCGzAQ8R9i1a18t7c-g,GN,Guinea,,,
GQ,ChIJp4euX2A6ZBARet4QLKKicMg,GQ,Equatorial Guinea,,,
GR,ChIJY2xxEcdKWxMRHS2a3HUXOjY,GR,Greece,,,
GS,ChIJJXmoUuK2PbkRvbBNiNp8434,GS,South Georgia and the South Sandwich Islands,,,
GT,ChIJa1DnNlATiIURu9WEWzcrmDU,GT,Guatemala,,,
GU,ChIJ7yQPk_92H2cRpuWzxZGucVU,GU,Guam,,,
GW,ChIJ8amCr3Q85A4RTggeVz-O6Ls,GW,Guinea-Bissau,,,
GY,ChIJs8LYYK_vr40RQETltmeI40g,GY,Guyana,,,
HK,,HK,Hong Kong,,,
HM,ChIJ_SuSiEtSAbMRfnaz5cLaHSY,HM,Heard Island and McDonald Islands,,,
HN,ChIJzzG3cxp1ao8RZIL7toLe0X4,HN,Honduras,,,
HN_AT,ChIJAeYO7TbxaI8RgZBBYhzQ-Nc,HN,Honduras,AT,Atl√°ntida Department,
HN_CH,ChIJFWlsSi0PcI8RZbtVunp6hFg,HN,Honduras,CH,Choluteca Department,
HN_CL,ChIJh0lN3JM3ao8RX5-Tzd5ZMGE,HN,Honduras,CL,Col√≥n Department,
HN_CM,ChIJSbb18uuMZY8RlStQqfgczeo,HN,Honduras,CM,Comayagua Department,
HN_CP,ChIJ4egZ9VBVYY8RXhRp7fYacL0,HN,Honduras,CP,Cop√°n Department,
HN_CR,ChIJB67f06NCZo8RHoXTqsLzoyk,HN,Honduras,CR,Cort√©s Department,
HN_EP,ChIJdcDDwtDGbY8Rsjky_IwKm7w,HN,Honduras,EP,El Para√≠so Department,
HN_FM,ChIJca634Kbmbo8Rg8NsIfH6LBY,HN,Honduras,FM,Francisco Moraz√°n Department,
HN_GD,ChIJse5-RhegFo8R3OIGY-086lQ,HN,Honduras,GD,Gracias a Dios Department,
HN_IB,ChIJb1T5-hfmaY8RnbXMuoc3O1w,HN,Honduras,IB,Bay Islands Department,
HN_IN,ChIJE5p0jrlVZI8RyKek-1FPn_I,HN,Honduras,IN,Intibuc√° Department,
HN_LE,ChIJr6cWwx1lZI8RrnnmMDn_TO4,HN,Honduras,LE,Lempira Department,
HN_LP,ChIJAwLJpIINZY8Rrng_HCPfkyU,HN,Honduras,LP,La Paz Department,
HN_OC,ChIJS_desQ2XY48Rgn-dyLNHPeU,HN,Honduras,OC,Ocotepeque Department,
HN_OL,ChIJo_hZNvINbI8RLfmK8Wc0G7I,HN,Honduras,OL,Olancho Department,
HN_SB,ChIJqT9UvZMDZI8RztuKzj6FZzM,HN,Honduras,SB,Santa B√°rbara Department,
HN_VA,ChIJi3ABzNkBcI8RpTxfmxrvU_Y,HN,Honduras,VA,Valle Department,
HN_YO,ChIJ0Ys3qWDDaI8R-qfCDni82TA,HN,Honduras,YO,Yoro Department,
HR,ChIJ7ZXdCghBNBMRfxtm4STA86A,HR,Croatia,,,
HT,ChIJEbvLf_PGto4R0_ZUTLI4FLU,HT,Haiti,,,
HT_AR,ChIJVcUt-o73to4REwd4nnQdFWY,HT,Haiti,AR,Artibonite,
HT_CE,ChIJu2Zd54Mzt44R8UGZNXfc5eQ,HT,Haiti,CE,Centre,
HT_GA,ChIJmRxEtd3Jx44RERUtPFpL3ko,HT,Haiti,GA,Grand'Anse,
HT_ND,ChIJs8fY3gLHto4RE_Or3ZYIAEs,HT,Haiti,ND,Nord,
HT_NE,ChIJAxiDkiQlsY4R_DIgGcTFBPE,HT,Haiti,NE,Nord-Est,
HT_NI,ChIJg4qD73h0uI4RmAaow8AHuME,HT,Haiti,NI,Nippes,
HT_NO,ChIJDz6EaOphto4RW89-GB7XZi8,HT,Haiti,NO,Nord-Ouest,
HT_OU,ChIJkao-UFfduY4R9GOpH9gyDRY,HT,Haiti,OU,Ouest,
HT_SD,ChIJdQey26mex44RdC41WGddg9U,HT,Haiti,SD,Sud,
HT_SE,ChIJw2-UIJCwuY4RCea_ntvfuMs,HT,Haiti,SE,Sud-Est,
HU,ChIJw-Q333uDQUcREBAeDCnEAAA,HU,Hungary,,,
ID,ChIJtwRkSdcHTCwRhfStG-dNe-M,ID,Indonesia,,,
IE,,IE,Ireland,,,
IL,ChIJi8mnMiRJABURuiw1EyBCa2o,IL,Israel,,,
IL_D,ChIJ-_NYfvhxABURGRCoNYCkMvU,IL,Israel,D,Southern District
IL_D_2006,,IL,Israel,D,Southern District,Kannot
IM,ChIJ1YEuRDCFY0gRDeDw8bxbAuo,IM,Isle of Man,,,
IN,ChIJkbeSa_BfYzARphNChaFPjNc,IN,India,,,
IO,ChIJh6OdhOBzkiQR4WsfEHBkT6k,IO,British Indian Ocean Territory,,,
IQ,ChIJEUr1VD2CVxURAhYGorthpW0,IQ,Iraq,,,
IQ_WA,ChIJc8yyLWuv4z8RlSMAnCWD_FE,IQ,Iraq,WA,Wasit,
IR,ChIJ8R1rwS7s9z4RzvpRntOVsEA,IR,Iran,,,
IS,ChIJQ2Dro1Ir0kgRmkXB5TQEim8,IS,Iceland,,,
IT,ChIJA9KNRIL-1BIRb15jJFz1LOI,IT,Italy,,,
IT_21,ChIJZ7GdATt0h0cR_zsS8u24x7w,IT,Italy,21,Piedmont,
IT_21_AL,ChIJD07L2Ytwh0cRwH08R33mBQM,IT,Italy,21,Piemont,Alessandria
IT_21_AT,ChIJ9ZIOjhqNh0cRsH08R33mBQM,IT,Italy,21,Piemont,Asti
IT_21_BI,ChIJza00X2IhhkcRYIM8R33mBQM,IT,Italy,21,Piemont,Biella
IT_21_CN,ChIJedLPEntCzRIRoH08R33mBQM,IT,Italy,21,Piemont,Cuneo
IT_21_NO,ChIJ2xgl4f5nhkcRkH08R33mBQM,IT,Italy,21,Piemont,Novara
IT_21_TO,,IT,Italy,21,Piemont,Torino
IT_78_RC,,IT,Italy,78,Calabria,Reggio di Calabria
IT_78_VV,ChIJi-Li2JVpFRMRwIPgTq6VCwM,IT,Italy,78,Calabria,Vibo Valentia
IT_82,ChIJs1lT0GhiEBMRUH22ZykECwE,IT,Italy,82,Sicily,
IT_BZ,ChIJEU-M0jingkcRsH6QFYcJBwM,IT,Italy,BZ,South Tyrol,
IT_TN,ChIJAT3_SpR3gkcRwH6QFYcJBwM,IT,Italy,TN,Trentino-Alto Adige,
JE,ChIJM3WSjKRSDEgRw2waCqMjnFE,JE,Jersey,,,
JM,ChIJnXHPxhsq2o4R-g4StcDRoFk,JM,Jamaica,,,
JO,ChIJmd5kZkdvABURmU4mUQdbKI0,JO,Jordan,,,
JP,ChIJLxl_1w9OZzQRRFJmfNR1QvU,JP,Japan,,,
KE,ChIJD5BQg9CAJxgR2W2XobAOO0A,KE,Kenya,,,
KG,ChIJ8yfp_B04lzgRM8SITrdYECg,KG,Kyrgyzstan,,,
KH,ChIJQzfc1L-HBzERUxL0ieC_t-Q,KH,Cambodia,,,
KI,ChIJA4cCwpF8ZGURB8NSAQR9MoQ,KI,Kiribati,,,
KM,,KM,Comoros,,,
KN,ChIJDXKKxm4ZEowR6IYdmsaa6d4,KN,Saint Kitts and Nevis,,,
KP,ChIJN0NP5toCfjURHIYdPhyHCzo,KP,North Korea,,,
KR,ChIJm7oRy-tVZDURS9uIugCbJJE,KR,South Korea,,,
KR_11,ChIJzzlcLQGifDURm_JbQKHsEX4,KR,South Korea,11,Seoul,
KR_26,ChIJqZjUy9vraDURmLFhwtWPqi4,KR,South Korea,26,Busan,
KR_27,ChIJ1a3vsrjjZTURMC44oCngkro,KR,South Korea,27,Daegu,
KR_28,ChIJR4ITliVveTURY1IuxCJgydM,KR,South Korea,28,Incheon,
KR_29,ChIJr6f1ASOJcTURSPUlAe3S9AU,KR,South Korea,29,Gwangju,
KR_30,ChIJAWZKutdIZTURtdOKmJ3WltE,KR,South Korea,30,Daejeon,
KR_31,ChIJgd6y4osuZjURATHZM3P6g3A,KR,South Korea,31,Ulsan,
KR_41,ChIJjbZ-5eR5fDURwrX21pgfDAE,KR,South Korea,41,Gyeonggi,
KR_42,ChIJiY2WWew3YjURbnqgJX0MFQ4,KR,South Korea,42,Gangwon,
KR_43,ChIJGf1r95uFYzUR6Q9wuJdKnLo,KR,South Korea,43,Chungbuk,
KR_44,ChIJ_6RwHSd9ejURRWTn5Ge-sho,KR,South Korea,44,Chungnam,
KR_45,ChIJXbhMo3ZAcDUR15myiGSUjuw,KR,South Korea,45,Jeonbuk,
KR_46,ChIJiSVHDDoPbjURcJoBRHTPAGQ,KR,South Korea,46,Jeonnam,
KR_47,ChIJvRgZer-kYDURI9xMx5ppVsY,KR,South Korea,47,Gyeongbuk,
KR_48,ChIJNc0j6G3raDURX_k4U2Vg0Oo,KR,South Korea,48,Gyeongnam,
KR_49,ChIJRUDITFTjDDURMb8emNI2vGY,KR,South Korea,49,Jeju,
KR_50,,KR,South Korea,50,Sejong,
KW,ChIJoVHqvj82xT8R0u3Yks1rcnQ,KW,Kuwait,,,
KY,ChIJKaq4Lz6GJY8RXnFwh9PERXA,KY,Cayman Islands,,,
KZ,ChIJR6n87AcQqTgRGw6z5C-Ee18,KZ,Kazakhstan,,,
LA,ChIJiUWCsFeQFDERgc2ZH0iSxQ4,LA,Laos,,,
LB,ChIJraoihAIXHxURcPkAbAk0fcw,LB,Lebanon,,,
LC,ChIJHaMt8WVgQIwR9Z056MSGdG4,LC,Saint Lucia,,,
LI,ChIJ_S9HHUQxm0cRibFa3Ta16mA,LI,Liechtenstein,,,
LK,ChIJnR5a9jxZ4joRjNPiALSkPeE,LK,Sri Lanka,,,
LR,ChIJwfyp1AP4CQ8Rc2PRMmso038,LR,Liberia,,,
LS,ChIJ64xf1idIjB4Rsx7ReLhXLSM,LS,Lesotho,,,
LT,ChIJE74zDxSU3UYRubpdpdNUCvM,LT,Lithuania,,,
LU,ChIJRyEhyrlFlUcR75LTAvZg22Q,LU,Luxembourg,,,
LV,ChIJ_ZqKe2cw6UYREPzyaM3PAAA,LV,Latvia,,,
LY,ChIJDQHOjtmSqBMRKsL5x0FgB_o,LY,Libya,,,
MA,ChIJjcVRlmGICw0Rw_8sxIGT09k,MA,Morocco,,,
MC,ChIJMYU_e2_CzRIR_JzEOkx493Q,MC,Monaco,,,
MD,ChIJoWm3KDZ8yUARy6xT36wZgSU,MD,Moldova,,,
ME,ChIJyx8sJBcyTBMRRtP_boadTDg,ME,Montenegro,,,
MG,ChIJRYUj6uOk0SERiBN7l8HjRFI,MG,Madagascar,,,
MH,ChIJK8opIbIZAWURdrcJqugDPos,MH,Marshall Islands,,,
MK,,MK,Macedonia,,,
ML,ChIJz3MQG4g-FA4RgM-9oOJbOrs,ML,Mali,,,
MM,ChIJBylOcadSVjAREStiHOQOe7o,MM,Myanmar,,,
MN,ChIJS22qaQYFJzYRluDmNzkh3eA,MN,Mongolia,,,
MO,ChIJ88g14uB6ATQR9qyFtCzje8Y,MO,Macau,,,
MP,ChIJUVyZkDSx2GYRMg46fKvrt50,MP,Northern Mariana Islands,,,
MQ,ChIJDQdmAPmgaowRsOevFxIbAOE,MQ,Martinique,,,
MR,ChIJTzmzFMO4gA4RTlO-1usLIoM,MR,Mauritania,,,
MS,ChIJnTbH4VOrE4wRorEFiIPqDx4,MS,Montserrat,,,
MT,ChIJxUeGHShFDhMROUK-NmHYgvU,MT,Malta,,,
MU,ChIJyXRE-U1QfCERMdBrEcLZA0I,MU,Mauritius,,,
MV,ChIJvXv7qr-ZtSQRiWKVgeEJRUE,MV,Maldives,,,
MW,ChIJ18ATk91b2BgRQ4VmKRcuo0Q,MW,Malawi,,,
MX,,MX,Mexico,,,
MY,ChIJrzBnX5fTNDAR2BwhKJOWRQc,MY,Malaysia,,,
MZ,ChIJxUr95uqs1BgRFaEWrrm_uxI,MZ,Mozambique,,,
MZ_A,ChIJF0qQHTn14BgRJufSkh7J66k,MZ,Mozambique,A,Niassa Province,
MZ_B,ChIJ-2zfazdGKxkRI1uGRELDAk8,MZ,Mozambique,B,Manica Province,
MZ_G,ChIJl5VPKj774B4R8xnsDO0QOL4,MZ,Mozambique,G,Gaza Province,
MZ_I,ChIJNwS2w10aIB8RuSMmxd-IEHw,MZ,Mozambique,I,Inhambane Province,
MZ_L,ChIJt9Hrnhyb5h4RM_h14sKP6mE,MZ,Mozambique,L,Maputo Province,
MZ_MPM,ChIJVdpmtiOX5h4RQrRrmld_SUI,MZ,Mozambique,MPM,Maputo,
MZ_N,ChIJVwKjPco1xhgR1PxuN70x_oQ,MZ,Mozambique,N,Nampula Province,
MZ_P,ChIJFb8REtFrkxgRToDo2vgrYks,MZ,Mozambique,P,Cabo Delgado Province,
MZ_Q,ChIJeaYGHfLz0hgRB9ptWDCfGjw,MZ,Mozambique,Q,Zambezia Province,
MZ_S,ChIJwUegXV9qKh8RWRu0BHB0JTA,MZ,Mozambique,S,Sofala,
MZ_T,ChIJubCl_4hHJhkRcPzNP7yc7IM,MZ,Mozambique,T,Tete Province,
NA,ChIJIXXTbn489RsRYbLsqKXludM,NA,Namibia,,,
NC,ChIJyzIaP2niJ2wR7HqT1Y_20PY,NC,New Caledonia,,,
NE,ChIJXa-hxnrsmRER1CSOFQqSM8k,NE,Niger,,,
NF,ChIJOcm6rR_RS2wRUhVdMyOYerk,NF,Norfolk Island,,,
NG,ChIJDY2kfa8LThARyAvFaEH-qJk,NG,Nigeria,,,
NI,ChIJzSL_zgDCEI8RtRWsP-Wn-sg,NI,Nicaragua,,,
NL,ChIJu-SH28MJxkcRnwq9_851obM,NL,Netherlands,,,
NO,ChIJv-VNj0VoEkYRK9BkuJ07sKE,NO,Norway,,,
NO_03,ChIJvRIImcJtQUYReQpUuAPqbBA,NO,Norway,3,Oslo,
NP,ChIJz2gufcfolTkR3obM0LyaojQ,NP,Nepal,,,
NR,ChIJTVvkHR8cfW8RgQrUxfSd2Vk,NR,Nauru,,,
NU,ChIJO7duNyolnXERGIvcezR4QpE,NU,Niue,,,
NZ,ChIJh5Z3Fw4gLG0RM0dqdeIY1rE,NZ,New Zealand,,,
OM,ChIJv5vVqWaf1j0RF6ixZXZMBjo,OM,Oman,,,
PA,ChIJ4yu-yIMVpo8Rz5ulH03g7nk,PA,Panama,,,
PA_1,ChIJ_yifk_YPpo8RZh_dn8o36us,PA,Panama,1,Bocas del Toro Province,
PA_10,,PA,Panama,10,Panam√° Oeste Province,
PE,ChIJ9RRZwFDIBZERSAYheRIBnvI,PE,Peru,,,
PE_UCA_0401,,PE,Peru,UCA,Ucayali,Purus
PF,ChIJTddtfNB1GHQREVfDCXp6wJs,PF,French Polynesia,,,
PG,,PG,Papua New Guinea,,,
PH,ChIJY96HXyFTQDIRV9opeu-QR3g,PH,Philippines,,,
PK,ChIJH3X9-NJS2zgRXJIU5veht0Y,PK,Pakistan,,,
PK_BA,ChIJ-2KAIReaMjkRssYQf8eDtJE,PK,Pakistan,BA,Balochistan,
PK_IS,ChIJHWyVfKG_3zgRkqcUZrwNOLY,PK,Pakistan,IS,Islamabad,
PK_KP,ChIJm2fuN8mu3jgRcad6v070EZY,PK,Pakistan,KP,Khyber Pakhtunkhwa,
PK_PB,ChIJy5pBdImU3zgRoOxO0hgwnjo,PK,Pakistan,PB,Punjab,
PK_SD,ChIJK5TBa2vATDkRLeiLx6lWIC4,PK,Pakistan,SD,Sindh,
PL,ChIJuwtkpGSZAEcR6lXMScpzdQk,PL,Poland,,,
PL_02,ChIJ8UOYsiKqD0cRIMAOrTIOAgE,PL,Poland,2,Lower Silesia,
PN,ChIJiweo3H8POJ4RyJoVGceMnEY,PN,Pitcairn Islands,,,
PR,ChIJ-aeSGyaWAowRGpsEGCjsNvM,PR,Puerto Rico,,,
PS,,PS,Palestine,,,
PT,ChIJ1SZCvy0kMgsRQfBOHAlLuCo,PT,Portugal,,,
PT_11,ChIJ5_f-igiZOw0RgupkrZFXLr8,PT,Portugal,11,Norte,
PT_15,ChIJ78_RVe5UBQ0RRQ6REi5l4oA,PT,Portugal,15,Algarve,
PT_16,ChIJWfAKWU77Ig0RexMbJqpybqI,PT,Portugal,16,Centro,
PT_17,ChIJZywMXwjNHg0RXQpSRrmHWuk,PT,Portugal,17,Lisbon Metropolitan Area,
PT_18,,PT,Portugal,18,Alentejo,
PT_20,ChIJBTvkER5_RgsRHQzOS2cbkeI,PT,Portugal,20,Azores,
PT_30,ChIJ7y75-KDpXwwRb166dGfldww,PT,Portugal,30,Madeira,
PW,ChIJmQOvorRFhDIRu-uhOd0e7RI,PW,Palau,,,
PY,ChIJYz3xkDQIXJQR8y5YHWH_-rM,PY,Paraguay,,,
QA,ChIJf-jc_zTFRT4RMkArgc-I-hw,QA,Qatar,,,
RE,ChIJO-S4EIF3eCER-erb7ImOf0o,RE,R√©union,,,
RO,ChIJw3aJlSb_sUARlLEEqJJP74Q,RO,Romania,,,
RS,ChIJlYCJ8t8dV0cRXYYjN-pQXgU,RS,Serbia,,,
RU,ChIJ-yRniZpWPEURE_YRZvj9CRQ,RU,Russia,,,
RU_TY,ChIJ9UKBC9azO10RIJVFUq_GAwE,RU,Russia,TY,Tuva,
RW,ChIJ40A451SWwhkRA6HMyyawkHQ,RW,Rwanda,,,
SA,ChIJQSqV5z-z5xURm7YawktQYFk,SA,Saudi Arabia,,,
SB,ChIJ0QlQVeBR02gRgClEF6DATLQ,SB,Solomon Islands,,,
SC,ChIJO62-cP0hXCIR99pJ06DQ0zI,SC,Seychelles,,,
SD,ChIJlbFyEMQc2RURNythKkZwv9I,SD,Sudan,,,
SD_DC,,SD,Sudan,DC,Central Darfur,
SD_DE,,SD,Sudan,DE,East Darfur,
SE,ChIJ8fA1bTmyXEYRYm-tjaLruCI,SE,Sweden,,,
SG,ChIJdZOLiiMR2jERxPWrUs9peIg,SG,Singapore,,,
SH,ChIJ4-UsNRPi6gQRpp8ZUARPgK4,SH,Saint Helena,,,
SI,ChIJYYOWXuckZUcRZdTiJR5FQOc,SI,Slovenia,,,
SJ,ChIJgQmY0JVjd0URQdKkzJ42A4U,SJ,Svalbard and Jan Mayen,,,
SK,ChIJf8Z8rrlgFEcRfTpysWdha80,SK,Slovakia,,,
SK_BC,ChIJG2vvS7FQFUcREIyXxtH3AAE,SK,Slovakia,BC,Banskobystrick√Ω,
SL,ChIJQ_OrOhgGAQ8RGfcsx83paVM,SL,Sierra Leone,,,
SM,ChIJeT_m9V_rLBMRECA0gpnzAAA,SM,San Marino,,,
SN,ChIJcbvFs_VywQ4RQFlhmVClRlo,SN,Senegal,,,
SO,ChIJg1vR7KcuHRgRvuXpXM46OZ4,SO,Somalia,,,
SR,ChIJUdXT2dU2CI0RsjYpccDhNxA,SR,Suriname,,,
SS,ChIJGTE-PbUwGRcRl7y2fmND8Ns,SS,South Sudan,,,
ST,ChIJidiaC_nscBAR6jB2VQwjUWI,ST,S√£o Tom√© and Pr√≠ncipe,,,
SV,ChIJVwZkWaYnY48RMkiFmOsWmm8,SV,El Salvador,,,
SV_AH,ChIJT534gkiUYo8R7R2nffhF7Zc,SV,El Salvador,AH,Ahuachap√°n Department,
SX,ChIJw5D41mJuDowRQo8zJsIsi3I,SX,Sint Maarten,,,
SY,ChIJp8Y8QdzmGBURIPYqiPRGdYc,SY,Syria,,,
SZ,ChIJBw8yR-HO6B4RaXANGC_GPcE,SZ,Swaziland,,,
TC,ChIJdWu7vlVfS4kR3sGNAoDHEX4,TC,Turks and Caicos Islands,,,
TD,ChIJYXNnvXg55xARnIDAzluDYDs,TD,Chad,,,
TF,ChIJN8QJBD7EFLMRKdDmkEwhirg,TF,French Southern Territories,,,
TG,ChIJGVQYE8HhIxARYJPRGjBbrvo,TG,Togo,,,
TH,ChIJsU1CR_eNTTARAuhXB4gs154,TH,Thailand,,,
TH_10,ChIJ82ENKDJgHTERIEjiXbIAAQE,TH,Thailand,10,Bangkok,
TJ,ChIJzbO8enN2sTgRtYgZT4QxwyU,TJ,Tajikistan,,,
TK,ChIJ9x14s6omUnARN5vbbUZicI8,TK,Tokelau,,,
TL,ChIJKaHkhgnl_SwRPFvoh4PG5QM,TL,East Timor,,,
TM,ChIJy2y8dFXLZT8RkaRpQWuC3X4,TM,Turkmenistan,,,
TN,ChIJ4aQWg0SVVRIR75sBqjozhDo,TN,Tunisia,,,
TO,ChIJHdCfu0S2k3ERqeJexcrMbfM,TO,Tonga,,,
TR,ChIJcSZPllwVsBQRKl9iKtTb2UA,TR,Turkey,,,
TT,ChIJxbZQY5cHNowRJ_E5xlUoCP8,TT,Trinidad and Tobago,,,
TV,ChIJTaCxWbmcwW8RLhIHB2hUZ48,TV,Tuvalu,,,
TW,ChIJL1cHXAbzbjQRaVScvwTwEec,TW,Taiwan,,,
TW_PEN,,TW,Taiwan,PEN,Penghu,
TW_PIF,ChIJgSJ04U7ZcTQRVYOms5RRIe0,TW,Taiwan,PIF,Pingtung,
TW_TAO,ChIJP4bazg49aDQRakg6WFJP5FQ,TW,Taiwan,TAO,Taoyuan,
TW_TNN,ChIJK_I1UZN2bjQRnLZaGDT61Rw,TW,Taiwan,TNN,Tainan,
TW_TPE,ChIJmQrivHKsQjQR4MIK3c41aj8,TW,Taiwan,TPE,Taipei,
TW_TTT,ChIJAQQqpdK4bzQR__KzdeRxaM8,TW,Taiwan,TTT,Taitung,
TW_TXG,ChIJ7yJ5-d8XaTQRf0SmfuQ-Uoc,TW,Taiwan,TXG,Taichung,
TW_YUN,ChIJQfPHcye6bjQRlSrRA3zE5Ho,TW,Taiwan,YUN,Yunlin,
TZ,ChIJEaFpSDFRSxgRMMTBSzEXWog,TZ,Tanzania,,,
UA,ChIJjw5wVMHZ0UAREED2iIQGAQA,UA,Ukraine,,,
UA_51,,UA,Ukraine,51,Odessa,
UA_53,ChIJ5cdqFjh110ARcEH2iIQGAQE,UA,Ukraine,53,Poltava,
UA_56,ChIJERyljUNML0cRIED2iIQGAQE,UA,Ukraine,56,Rivne,
UA_KBP,ChIJBUVa4U7P1EARBBiQlxMdJV8,UA,Ukraine,,,
UG,ChIJRfmZZJ-mcRcRSUUBQ85VQYc,UG,Uganda,,,
UM,ChIJBQ-2twOlemQREDZxw68t4QQ,UM,United States Minor Outlying Islands,,,
US,ChIJCzYy5IS16lQRQrfeQ5K5Oxw,US,United States of America,,,
UY,ChIJCd5f-zoHdZURSlIWYGGWVUo,UY,Uruguay,,,
UY_AR,ChIJAQrGD-ALq5URGiJ4JwEwfHg,UY,Uruguay,AR,Artigas Department,
UY_TA,ChIJtTam1oD2B5URXQz07SpL7h4,UY,Uruguay,TA,Tacuaremb√≥ Department,
UY_TT,ChIJbW656ReYCZURkgxYn9LpVLA,UY,Uruguay,TT,Treinta y Tres Department,
UZ,ChIJsXbWpSCLrjgRIB6Efq1tCso,UZ,Uzbekistan,,,
VA,ChIJPS3UVwqJJRMRsH46sppPCQA,VA,Vatican City,,,
VC,ChIJuzU5nuKsQIwRsaHSjejT_TE,VC,Saint Vincent and the Grenadines,,,
VE,ChIJAdjLNstTKIwR003VfFjyoNw,VE,Venezuela,,,
VE_Z,ChIJNZWv1QL-440RBnp2AvBHL9o,VE,Venezuela,Z,Amazonas,
VG,ChIJzVNkK5xzBYwRPTvsse5woG0,VG,British Virgin Islands,,,
VI,,VI,United States Virgin Islands,,,
VN,ChIJXx5qc016FTERvmL-4smwO7A,VN,Vietnam,,,
VU,ChIJE2CSyF5giW4RaibQvs85gzQ,VU,Vanuatu,,,
WF,ChIJPUsabgaxyHERGwrSj-wYyRY,WF,Wallis and Futuna,,,
WS,ChIJAxDsZKMTpXERcnhhdJYMh6Y,WS,Samoa,,,
XK,ChIJ8X2_VPN6UxMRkRfDq9_u_78,XK,Kosovo,,,
YE,ChIJX7w0fKzbAxYRrneufjcp8ZI,YE,Yemen,,,
YT,,YT,Mayotte,,,
ZA,ChIJURLu2YmmNBwRoOikHwxjXeg,ZA,South Africa,,,
ZA_WC_CPT,ChIJ1-4miA9QzB0RmKxM-K4ipM8,ZA,South Africa,WC,Western Cape,City of Cape Town Metropolitan Municipality
ZA_WC_DC1,,ZA,South Africa,WC,Western Cape,West Coast
ZA_WC_DC2,ChIJj2HNnxW70h0RzBWtTA6l3oc,ZA,South Africa,WC,Western Cape,Cape Winelands
ZA_WC_DC3,ChIJK_tKPIMB0h0Ra5Do064SuR8,ZA,South Africa,WC,Western Cape,Overberg
ZA_WC_DC4,ChIJ-YctajEi1B0R80qCAelNcY0,ZA,South Africa,WC,Western Cape,Garden Route
ZA_WC_DC5,ChIJg-OB74w21R0RumMhJW3W6wE,ZA,South Africa,WC,Western Cape,Central Karoo
ZM,ChIJcQv8_KX0QBkRRT5Yfqz5n_E,ZM,Zambia,,,
ZW,ChIJYXGxBuekMRkR7r_LxV84wKE,ZW,Zimbabwe,,,